Category,Name,Address,Place_ID,Latitude,Longitude,Rating,Total_Ratings,Phone,Intl_Phone,Website
Police Station,N1-Royapuram Police Station,"46, 57, Arathoon Road, Pudumanaikuppam, Royapuram, Chennai",ChIJ6xOhYm5vUjoRubs-QKdUGjM,13.1118355,80.2938762,,,044 2345 2504,+91 44 2345 2504,https://eservices.tnpolice.gov.in/
Police Station,Elliots Beach Police Booth,"272C+7FQ, 6th Avenue, Elliots Beach, Besant Nagar, Chennai",ChIJwe_lYftnUjoRAwDgds0Rl9k,13.0007137,80.2712202,,,,,
Police Station,C1 Flower Bazaar Police Station,"37QJ+8MW, Rattan Bazaar Road, Rattan Bazaar, George Town, Chennai",ChIJdbhnqFZvUjoRzVYoCh8BWTE,13.0883724,80.2817022,,,044 2345 2465,+91 44 2345 2465,http://www.tnpolice.gov.in/
Police Station,"Police Station, J-1 Saidapet","49/1, Anna Salai, West Saidapet, Saidapet, Chennai",ChIJKyEwTw9nUjoRNJQI9vAGtv8,13.0223715,80.2261477,,,044 2433 0571,+91 44 2433 0571,http://www.tnpolice.gov.in/
Police Station,KK Nagar Police Station,"85, PT Rajan Road, Sector 2, K. K. Nagar, Chennai",ChIJ7zZDadxmUjoRx93JxJAMp-Y,13.0417306,80.20542329999999,,,063831 00100,+91 63831 00100,http://www.tnpolice.gov.in/
Police Station,K8 Arumbakkam Police Station,"MMDA Colony, Water Tank Road, MMDA Colony, Balavinayagar Nagar, Chennai",ChIJ4ZMxYpdmUjoREaUUAAfzCc0,13.0687214,80.213805,,,044 2345 2733,+91 44 2345 2733,http://www.tnpolice.gov.in/
Police Station,"Office of the I.G. of Police, Economic Offences Wing,","36P7+2X2, 2nd Avenue, X Block, Tower Park, Anna Nagar, Chennai",ChIJK3csTiFkUjoRSqEMk1m8kHE,13.0850167,80.2148914,,,,,
Police Station,Railway Protection Force,"36X9+QM8, RPF, TTC, ICF, Apprentices Avenue, ICF North Colony, Chennai",ChIJ7wXluTlkUjoRugkig6J9VOA,13.0994028,80.21920639999999,,,,,"https://sr.indianrailways.gov.in/view_section.jsp?fontColor=black&backgroundColor=LIGHTSTEELBLUE&lang=0&id=0,1,304,382,523"
Police Station,TAMIL NADU Police Head Quarters,"01, Doctor Radha Krishnan Salai, Mylapore, Chennai",ChIJB7a1h4FoUjoRmO3qzAh1YJw,13.0359743,80.2778472,,,044 2844 7777,+91 44 2844 7777,http://tnpolice.gov.in/
Police Station,D8 Kasturi Bagh Gandhi Hospital Police Station,"376H+9R9, Victoria Hostel Road, Chepauk, Triplicane, Chennai",ChIJ8ZCXmp9oUjoRifwP6kZ4S-M,13.0609023,80.279611,,,044 2345 2672,+91 44 2345 2672,http://www.tnpolice.gov.in/
Police Station,Railway Police Station - Chennai Central,"37MG+432, Station Road, Periamet, Kannappar Thidal, Chennai",ChIJgQ5H2_9lUjoRcP-SXgwyIfg,13.0827504,80.2751387,,,,,
Police Station,Office of Commissioner of Police,"132, East VK Sampath Road, Periamet, Vepery, Chennai",ChIJD7B3Aw9mUjoRVx2hrBpTjWU,13.0812021,80.2631902,,,044 2345 2380,+91 44 2345 2380,https://www.tn.gov.in/detail_contact/7196/4
Police Station,F1 Chintadripet Police Station,"37FC+WXJ, Arunachallam Street, Chintadripet, Chennai",ChIJdSkAlQNmUjoRbkYCXOglnVs,13.0748282,80.2723757,,,094981 00027,+91 94981 00027,http://www.tnpolice.gov.in/
Police Station,Railway Police,"37H7+X2G, Egmore Station Road, Poonamallee High Road, Mahaveer Colony, Egmore, Chennai",ChIJIei6swlmUjoRWyakLdAN6CU,13.079934,80.2625644,,,078702 70641,+91 78702 70641,https://www.tn.gov.in/detail_contact/7022/4
Police Station,Police chouki,"130, Avadhanam Papier Road, Choolai, Chennai",ChIJb-VW0eRlUjoRCMjnxKuSWKs,13.0900157,80.26505619999999,,,,,
Police Station,D1 Police Station,"379F+72R, Wallahjah Road, Triplicane, Chennai",ChIJ_4IiTBxmUjoRr_gxCg-q6xI,13.0682398,80.2725057,,,044 2345 2655,+91 44 2345 2655,http://www.tnpolice.gov.in/
Police Station,Police Station,"66/122, Amman Koil St Maskan Chavadi, Amman Koil Street, Maskan Chavadi, Amman Koil North, George Town, Chennai",ChIJsQIcW1lvUjoRkJHjrablMIY,13.0987628,80.281719,,,,,https://eservices.tnpolice.gov.in/CCTNSNICSDC/PSHomePage
Police Station,Roy Academy,"340, 3rd Floor, Sri Kumaran Complex, Paper Mills Road, Perambur, Chennai",ChIJVXsmSLdlUjoR5t_ak5RoQ7U,13.1090839,80.24202389999999,4.1,13,095006 08007,+91 95006 08007,
Police Station,Police Station Aminjikarai,"36, Harrington Road, Shenoy Nagar, Aminjikarai, Chennai",ChIJTyci9YdmUjoRMQhDnVWl2T4,13.0706318,80.2319497,,,,,
Police Station,Police Chauki,"368J+CW4, Nelson Manickam Road, Sowrashtra Nagar, Chetpet, Chennai",ChIJFchJeWJmUjoRbZJxWK7H0-k,13.0660198,80.2323165,,,,,
Police Station,Mylapore Police Station,"27P9+8X3, Kutchery Road, Madhavaperumalpuram, Mylapore, Chennai",ChIJuebNR9NnUjoRN2yRF4Pw7N4,13.0357746,80.2699354,,,044 2345 2562,+91 44 2345 2562,
Police Station,K 9 Thiru.Vi.Ka.Nagar Police Station,"25/12, Sathiyanarayanan Street, Perambur, Chennai",ChIJlUHkv6tlUjoR8p_SYxoV5a4,13.1224567,80.23618139999999,,,044 2345 2736,+91 44 2345 2736,http://www.tnpolice.gov.in
Police Station,Police Station,"64, Arcot Road, Kamarajar Colony, Dr.Subbaraya Nagar, Kodambakkam, Chennai",ChIJ__ry4O1mUjoR1ST5y4D4CfI,13.0519347,80.2196483,,,,,https://eservices.tnpolice.gov.in/CCTNSNICSDC/PSHomePage
Police Station,State Crime Records Bureau,"95, Greenways Road, MRC Nagar, Raja Annamalai Puram, Chennai",ChIJGeYn5n9oUjoRSclG-FpxaDQ,13.0227735,80.271575,,,044 2495 7878,+91 44 2495 7878,http://www.tnpolice.gov.in/
Police Station,K11 CMBT Police Station,"3693+CRH, CMBT Passenger Way, Koyambedu, Chennai",ChIJTXKerbxmUjoRWQUxBHzfHp0,13.0685635,80.20462359999999,,,,,
Police Station,Chennai Metropolitan Police,"268R+WCG, Gandhi Mandapam Road, Duraisamy Nagar, Kotturpuram, Chennai",ChIJOXT6caNnUjoR5S6C1cs4GIk,13.0173011,80.2410645,,,,,
Police Station,R6 Police Help Centre,"No.37, Kodambakkam Road, Saidapet, Chennai",ChIJE9SQphxnUjoRCD1zmwVguwo,13.0295403,80.22014,,,,,
Police Station,CBI,"X7X5+MJ7, Shastri Nagar, Adyar, Chennai",ChIJF_gzM_JnUjoRm7zgcHTnX-E,12.9991538,80.2590398,,,044 2827 3186,+91 44 2827 3186,https://cbi.gov.in/
Police Station,J13 Tharamani Police Station,"X6VV+V5X, Nehru Street, Kanagam, Tharamani, Chennai",ChIJFz9TGYZnUjoRLV53aAG_udQ,12.994747,80.2429914,,,094981 00168,+91 94981 00168,http://www.tnpolice.gov.in/
Police Station,Police Help Centre,"91-94, State Highway 113, Pakkiri Garden, Sankareswarar Nagar, Valasaravakkam, Chennai",ChIJEZlGCs1mUjoRuewvnY-R-js,13.0467075,80.18986269999999,,,,,
Police Station,Police Station,"25JW+CMV, Pachaiyappan Street, Sanjaicolony, MGR Nagar, Nesapakkam, Chennai",ChIJU4xQWChnUjoRO2A9ZyaN0Ts,13.0311055,80.19667679999999,,,,,https://eservices.tnpolice.gov.in/CCTNSNICSDC/PSHomePage
Police Station,M2 Station,"569X+P3J, TNHB Layout, Mathur",ChIJlQTAnjNlUjoRLuavptBbdhg,13.169333,80.2476305,,,094981 00236,+91 94981 00236,
Police Station,Joint Commissioner Of Police - Chennai South Zone,"Block-17, South Zone, Police Office street, Binny Road, Nazarethpuram, Gandhi Nagar, Chennai",ChIJkT6B4UdnUjoR6ocayMuMMLo,13.0096356,80.19911739999999,,,,,http://www.tnpolice.gov.in/
Police Station,TN Police Quarters,"5653+J2J, Ambattur Red Hills Road, New Central Jail, Puzhal, Chennai",ChIJVcV2dLpkUjoRyi3KRNoxYfQ,13.1590978,80.20251019999999,,,,,
Police Station,Police Station,"58H2+V8Q, Jothi Nagar, Tiruvottiyur, Chennai",ChIJBZ_tjiFwUjoRN12fJnWLLag,13.1797017,80.30086469999999,,,,,https://eservices.tnpolice.gov.in/CCTNSNICSDC/PSHomePage
Police Station,Police Check Post,"X7G8+6JX, Water Land Drive Road, Valmiki Nagar, Thiruvalluvar Nagar, Chennai",ChIJx1rxa09dUjoRbkUbmBUUwY0,12.9756076,80.26659939999999,,,,,
Police Station,Police Booth,"40/653, State Highway 49, Valmiki Nagar, Journalist Colony, Chennai",ChIJmzfmd0NdUjoRnurlvB1QAxc,12.9764064,80.2593217,,,,,
Police Station,J7- Velachery Police Station,"1, Velachery Road, Velachery, Chennai",ChIJAQAAAI9dUjoRc2I7omZKMvw,12.9809605,80.2208596,,,044 2345 2605,+91 44 2345 2605,http://www.tnpolice.gov.in/
Police Station,Thiruvottiyur Police Station,"8th Street, Thiruvottiyur High Road, Sbi Colony, Tiruvottiyur, Chennai",ChIJEzwdScBvUjoR15U_PCZg0m8,13.1540069,80.3008227,,,044 2345 2496,+91 44 2345 2496,http://www.tnpolice.gov.in/
Police Station,Police Help Centre,"X6J5+83V, Krishna Raja, 2nd Street, Andal Nagar, Adambakkam, Chennai",ChIJX-uAD_NdUjoRJT8uIdy4rq4,12.9808591,80.20765659999999,,,044 2345 2777,+91 44 2345 2777,
Police Station,Police Station,"449X+5VM, Venkatapuram, Ambattur, Chennai",ChIJQwpkDqljUjoRQ7Gkqx15oaE,13.117973,80.14966960000001,,,,,https://eservices.tnpolice.gov.in/CCTNSNICSDC/PSHomePage
Police Station,E2 Police Station,"3727+RF5, Gowdiamutt Road, Azad Nagar, Royapettah, Chennai",ChIJTX3cbDtmUjoRmmT2ZqAtJf8,13.0520029,80.26373579999999,,,044 2345 2567,+91 44 2345 2567,http://www.tnpolice.gov.in/
Police Station,Office of the Dy. Commissioner of Police,"37QJ+9M3, Rattan Bazaar Road, Esplanade, George Town, Chennai",ChIJSxJvqFZvUjoRq7moIE8PNIk,13.0883872,80.2816674,,,044 2345 2476,+91 44 2345 2476,
Police Station,"Office of the Dy. Commissioner of Police, Anna Nagar District","36R9+X63, 6th Avenue, P Block, Anna Nagar, Chennai",ChIJ8QuxJztkUjoRRnvgw4d9RIc,13.0923791,80.2180427,,,,,
Police Station,Adambakkam Police Station,"No.1, 1st Street, New Colony Main Rd, Adambakkam, Chennai",ChIJ7fLxjlhnUjoRpGTF9JAst3Y,12.9894038,80.2018831,,,044 2345 2777,+91 44 2345 2777,http://www.tnpolice.gov.in/
Police Station,F3 Police Station,"365V+V49, Valluvar Kottam High Road, Ponnangipuram, Nungambakkam, Chennai",ChIJKbbyckZmUjoRd7hNutZUtGM,13.059662,80.2428493,,,044 2345 2680,+91 44 2345 2680,http://www.tnpolice.gov.in/
Police Station,Police Booth,"36M2+34P, 13th Main Road, Shakti Colony, Block Z, Anna Nagar, Chennai",ChIJifCW5hxkUjoReVsNs-ELC1c,13.0827013,80.20032669999999,,,,,
Police Station,Periamet Police Station,"37MC+F7G, Raja Muthiah Road, Periamet, Chennai",ChIJw3-L4_1lUjoRRBiSJlNeDTM,13.0836968,80.270713,,,044 2345 2696,+91 44 2345 2696,
Police Station,R3 Ashok Nagar Police Station,"26V8+HWP, 2nd Street, Raghavan Colony, Kodambakkam, Chennai",ChIJifq1u-VmUjoRLkUtXX-hGPE,13.0439646,80.2173305,,,044 2345 2617,+91 44 2345 2617,http://www.tnpolice.gov.in/
Police Station,C3 Seven Wells Police Station,"193, Savan Walls, 145, Amman Koil Street, Amman Koil North, George Town, 202, Amman Koil Street, Maskan Chavadi, Amman Koil North, George Town, Chennai",ChIJmw7cWllvUjoRUfuRaOXxnxE,13.0988712,80.2816759,,,044 2345 2471,+91 44 2345 2471,
Police Station,K4 Police Station,"36V9+353, 6th Avenue, Anna Nagar, Annanagar East, Chennai",ChIJLfEeJztkUjoRvL8d4rCjXSo,13.0926344,80.217931,,,044 2345 2719,+91 44 2345 2719,http://www.tnpolice.gov.in/
Police Station,C2 Elephant Gate Police Station,"37VG+333, Near, Elephant Gate Street, Adhi Andra Colony, George Town, Chennai",ChIJ___lP_hlUjoRVCBNv9i576g,13.0925322,80.2750538,,,044 2345 2467,+91 44 2345 2467,
Police Station,Chennai Traffic Police,"No. 9, Kodambakkam High Road, Badrikari, Tirumurthy Nagar, Nungambakkam, Chennai",ChIJt-VuVUNmUjoRIBsAOIqBw_8,13.0526462,80.2434255,,,098400 00103,+91 98400 00103,https://eservices.tnpolice.gov.in/
Police Station,Korattur Police Station,"454P+VMQ, East Avenue Road, TNHB Colony, TVS Industries, Korattur, Chennai",ChIJ3QCpAopjUjoRYfh3tl6pAyo,13.1072152,80.18674519999999,,,094981 00083,+91 94981 00083,https://eservices.tnpolice.gov.in/CCTNSNICSDC/Index?2
Police Station,Pondy Bazzar Police Station,"68, Panagal Park, Sir Thyagaraya Road, Pondy Bazaar, T. Nagar, Thagar",ChIJ9xeSelZmUjoRT4rQOjmQfMY,13.0413397,80.2344248,,,044 2345 2624,+91 44 2345 2624,http://www.tnpolice.gov.in/
Police Station,Choolaimedu Police Station,"33-11, Abdulla Street, Sriramapuram, Gangai Amman Koil Street - Boulevard, Sankarapuram, Choolaimedu, Chennai",ChIJcein7otmUjoRhZm0eHKS_vw,13.0623369,80.2276779,,,044 2345 2742,+91 44 2345 2742,
Police Station,E3 Teynampet Police Station,"494, Anna Salai, Teynampet, Chennai",ChIJNXjgwg1mUjoRfpUxB6aoFxk,13.0487503,80.2495225,,,,,
Police Station,Kilpauk G3 Police station,"36HX+8GH, State Highway 114, Sastri Nagar, Chetpet, Chennai",ChIJ957GKXRmUjoRJd8hIiAe6wg,13.078314,80.2488511,,,044 2836 2307,+91 44 2836 2307,http://www.tnpolice.gov.in/
Police Station,K5 Peravallur Police Station,"466G+GHR, Siva Elango Salai, Periyar Nagar West, Periyar Nagar West, Perambur, Chennai",ChIJBV_Fg05kUjoRIX2W8Y9jD80,13.1113705,80.2264022,,,,,http://www.tnpolice.gov.in/
Police Station,Icehouse Police Station,"1, Doctor Natesan Road, Mirsahibpet, Triplicane, Chennai",ChIJCZlf3yZmUjoRVfZ6KhvKr-Q,13.05263,80.27392619999999,,,044 2345 2555,+91 44 2345 2555,http://tnpolice.gov.in/
Hospital,MIOT International,"4/112, Mount Poonamallee Road, Sathya Nagar, Manapakkam, Chennai",ChIJYQZ1odJgUjoRkpdPSbuRpeM,13.0212759,80.1857859,4.5,5828,044 4200 2288,+91 44 4200 2288,http://www.miotinternational.com/
Hospital,"MGM Healthcare, Malar - Adyar","52, 1st Main Road, Gandhi Nagar, Chennai",ChIJyfEeyutnUjoRYhS5bYqe8GU,13.0101544,80.25861599999999,4.4,3349,099625 99933,+91 99625 99933,https://mgmmalar.in/
Hospital,CHENNAI NATIONAL HOSPITAL,"12, Jaffar Sarang Street, Parrys, George Town, Chennai",ChIJ0QJxsEVvUjoRPWEymO8eckU,13.096446,80.29150709999999,4.6,3472,089390 33333,+91 89390 33333,https://chennainationalhospital.com/contact.php
Hospital,Billroth Hospitals,"43, Lakshmi Talkies Road, Shenoy Nagar, Chennai",ChIJN87mRIFmUjoR1NiiPNW-ViM,13.0757774,80.22729009999999,4,2188,044 4292 1777,+91 44 4292 1777,https://billrothhospitals.com/
Hospital,Kanchi Kamakoti CHILDS Trust Hospital,"12 A, Nageswara Road, Nungambakkam, Chennai",ChIJv12LiUJmUjoRIoe_hj9mue8,13.0573353,80.245786,4.4,4053,044 4200 1800,+91 44 4200 1800,https://kkcth.org/
Hospital,Apollo Hospitals Tondiarpet,"645, Thiruvottiyur High Road, Tondiarpet, Chennai",ChIJfZgY0ntvUjoRuTuNrOFus3c,13.1289928,80.29050889999999,4.8,1769,080 6297 2775,+91 80 6297 2775,https://www.askapollo.com/hospital/chennai/apollo-hospitals-tondiarpet
Hospital,St. Isabel's Hospital,"next to Luz Church, No: 49, Oliver Road, Mylapore, Chennai",ChIJ20QQoTNmUjoRcY7XjulIg3E,13.0385565,80.2620359,4.1,1173,044 2499 1081,+91 44 2499 1081,http://stisabelshospital.in/
Hospital,Amar,"36GW+X4W, Poonamallee High Road, Pullapuram, Egmore, Chennai",ChIJq18XEHdmUjoR62Y9toov2GU,13.0774941,80.24533129999999,,,,,
Hospital,BRS HOSPITAL PVT LTD,"28, Cathedral Garden Road, Nungambakkam, Chennai",ChIJ3a6aj0RmUjoRGXqZReOWii0,13.0519656,80.2454434,3.5,206,044 6143 4230,+91 44 6143 4230,http://brshospital.com/
Hospital,Keraleeya Ayurvedic Samajam Hospital,"301, Avvai Shanmugham Salai, Azad Nagar, Royapettah, Chennai",ChIJpZSUpjpmUjoRnwqPKh4b0uo,13.0478405,80.2673296,4.3,33,044 2813 2361,+91 44 2813 2361,http://www.samajam.org/
Hospital,Aakash Fertility Centre & Hospital,"100 feet road, 10, opposite Hotel Ambika Empire, Vadapalani, Chennai",ChIJuwOq6upmUjoReFiGPabPBEg,13.0553078,80.21176950000002,4.7,2184,078712 33333,+91 78712 33333,https://aakashfertilitycentre.in/
Hospital,Institute Of Child Health and Hospital for Children,"Bhanumati, Rina Mandal Road, Egmore, Chennai",ChIJj7go_wxmUjoRuvGRS-UoAD8,13.07349,80.2569271,3.9,325,044 2819 2138,+91 44 2819 2138,
Hospital,Right Hospitals,"behind ega theatre, 1, Vasu Street, Kilpauk, Chennai",ChIJEy47qHlmUjoRVMMBEEwm4Hc,13.0789558,80.2405398,4,149,044 2642 3939,+91 44 2642 3939,
Hospital,Krishna EYE and ENT Hospitals,"39, Burkit Road, T Nagar, Chennai",ChIJGTjy2qpnUjoRzBvK2gnxTiQ,13.0343877,80.2343327,4.4,153,095000 40702,+91 95000 40702,http://www.krishnaeyeandenthospitals.com/
Hospital,Neomed hospitals,"2181, L' Block, 12th Main Road, Anna Nagar, Chennai",ChIJtW5xuB1kUjoRW_jitlhuDjM,13.0836431,80.2029287,4.7,214,,,https://neomedhospitals.com/
Hospital,Ayurveda specialist chennai,"near poonsawmy school, 30, Devaki Ammal Street, Shenoy Nagar, Shakthivel Nagar, Kolathur, Chennai",ChIJ9___01JkUjoRKPlX90QpRMI,13.123532,80.22688,,,044 4351 5986,+91 44 4351 5986,
Hospital,Chennai Hostels,"53/26, Kannagi Street, Annanedumpathai, Veerapandi Nagar, Choolaimedu, Chennai",ChIJWShQa5JmUjoR3gAHkELR4_U,13.0616396,80.2197791,5,1,,,
Hospital,Aashiana Hospital sujai,"1201, K4, Police Station Road, 6th Avenue, Anna Nagar, Chennai",ChIJ__D6BdUjoRxlNhfBeQikw,13.0925012,80.2090077,3.7,17,044 2628 8039,+91 44 2628 8039,
Hospital,Neuro Hospital,"No 25 Rukmani Lakshmipathi Salai, Egmore, Chennai",ChIJAxeLpxZmUjoRE4pqeMnH0gM,13.0713856,80.2625348,3.9,7,044 2855 3901,+91 44 2855 3901,
Hospital,Dr. G. Sengottuvelu – Best Cardiologist in Chennai | TAVI Specialist in Chennai | MitraClip Expert at Apollo Hospitals,"14, Thirumurthy Street, T. Nagar, Chennai",ChIJbckhG1pmUjoR7asZNBWzckc,13.047539,80.23821800000002,4.7,172,094457 76666,+91 94457 76666,https://drsengottuvelu.com/
Hospital,"NephroPlus Dialysis & Kidney Care Clinic in T Nagar, Chennai","3rd floor, Bharathiraja hospital, 20, Gopathi Narayanaswami Chetty Road, T. Nagar, Chennai",ChIJs2VYyaxnUjoR89s826jkF-I,13.0480772,80.2450811,3.2,5,044 2834 1287,+91 44 2834 1287,http://www.nephroplus.com/
Hospital,Madhav Diabetes Centre,"AA2, 2nd Avenue, Anna Nagar, Chennai",ChIJwUfqiyZkUjoR47mF7hcigpA,13.0844537,80.21743359999999,4.8,470,095000 42798,+91 95000 42798,https://www.madhavdiabetescentre.com/
Hospital,Nichi-In Centre for Regenerative Medicine,"C30, III Fl., LICET, Loyola College Campus, Nungambakkam, Chennai",ChIJDRZM_cJmUjoR7EN0SH6HtEw,13.0633873,80.2340478,5,1,044 2817 4743,+91 44 2817 4743,http://www.ncrm.org/
Hospital,Harini Radhakrishnan Kesari Clinic,"rams apartment, No.27, Westcott Road, Indira Garden, Royapettah, Chennai",ChIJB1TomDxmUjoRkvLW7_tZezU,13.0554707,80.2640466,4.8,141,044 2841 9677,+91 44 2841 9677,http://kesarikuteeram.in/
Hospital,Skin Clinic,"opposite Ramakrishna Mission School, Old no 24 / New 61, Burkit Road T. Nagar, opposite Ramakrishna Mission School, Dhandapani Street, corner, Chennai",ChIJPVnNuapnUjoRbgTDVL2uWHA,13.0345325,80.2331645,3.9,10,093810 26333,+91 93810 26333,
Hospital,HAPPY MOM-Pregnancy to Motherhood,"21, Birthing Bay, 2, MC Nicholas Road, Chetpet, Chennai",ChIJ__qzRkUjoRxUDSkKpfCS0,13.0728675,80.24009,5,6,094444 32677,+91 94444 32677,http://www.happymom.in/
Hospital,Nucletron - An Elekta Company,"D Silva Road, CIT Colony, Mylapore, Chennai",ChIJjfShXjNmUjoRBGfKuw-2ovw,13.0373401,80.2603377,5,2,044 2499 2877,+91 44 2499 2877,
Hospital,Sen Hospital,"New No. 51, Old, opp. LOURDES GIRLS HIGHER SECONDARY SCHOOL, 18, Bunder Garden Street, Perambur, Chennai",ChIJWV5fvrBlUjoRND0SvZdzVB0,13.110833,80.2419017,4.2,194,044 2558 6896,+91 44 2558 6896,https://www.senhospital.in/
Hospital,Girishwari Hospitals,"No 19, KB Dasan Road, Alwarpet, Chennai",ChIJLYYnJrVnUjoRMBG-bIeR2ec,13.0351115,80.25187059999999,4,194,086952 28685,+91 86952 28685,https://www.girishwarihospital.com/
Hospital,Madras Port Trust Hospital,"Parrys, Chennai",ChIJ__D1JvUjoRqPDr2mf2BEQ,13.0877563,80.2871828,3.8,5,,,
Hospital,Huma Specialists Hospital & Research Centre Private Limited,"786, Anna Salai, Nandanam, Chennai",ChIJm8EPc6lnUjoRGRh5vASDHU8,13.0282685,80.2353371,2.8,211,044 4390 0000,+91 44 4390 0000,http://humahospital.in/
Hospital,ACS Hospital,"7/4, Taylor Estate 1st Street, Kodambakkam, Chennai",ChIJWRUNZPZmUjoR5euqhFwbegA,13.0510836,80.22976779999999,4,1,,,http://acsmch.ac.in/
Hospital,AAKASH HOSPITAL-ENDOSURG,"No.3, P.S. Sivasamy Salai, Mylapore, Chennai",ChIJvXuCsDFmUjoR_arG7qG2LsY,13.0441478,80.2636993,2.9,22,044 2499 4957,+91 44 2499 4957,http://www.avmmerf.in/
Hospital,Dr C Geetha Haripriya,"77, Harrington Road, Chetpet, Chennai",ChIJqSs4YHJmUjoR26-xpk-9XwI,13.0695998,80.23664310000001,4.8,279,044 4227 7777,+91 44 4227 7777,http://drgeethaharipriya.com/
Hospital,IMMANUEL HEALTH CARE PRIVATE LIMITED,"6, Kanniamman Koil Street, Shenoy Nagar, Chennai",ChIJAQAAwIFmUjoRXDs35gLup5o,13.0751718,80.2282836,4,6,044 2664 2015,+91 44 2664 2015,
Hospital,George Town Hospital,"37WH+6VP, Mint Street, Perumal Koil Garden, George Town, Chennai",ChIJd4NgtFlvUjoRmcOpJAxlW2k,13.0955982,80.2797155,3,2,,,
Hospital,R.L. Hansraj - Surgical Instruments & Hospital Supplies,"3, Nyniappa Street, Rattan Bazaar, Park Town, Chennai",ChIJVVVVhf1lUjoRJ11lJgg2_8g,13.0881582,80.2795213,4.7,10,072003 35150,+91 72003 35150,http://rlhansrajcompany.com/
Hospital,Iswarya IVF & Fertility Centre Adyar Chennai,"13, 1st Main Road, Kasturba Nagar, Adyar, Chennai",ChIJ7yWLbJFnUjoRVSMJqI5KyN4,13.006457,80.24994650000001,4.7,1367,099627 00000,+91 99627 00000,https://iswaryafertility.com/ivf-centers/tamil-nadu/chennai/adyar/
Hospital,Tejas CIMS,"12/14, 2nd Cross Street, Sri Ram Nagar, Alwarpet, Chennai",ChIJD77OXrNnUjoRYF-IrN05FaQ,13.0346408,80.2486242,,,044 2431 5646,+91 44 2431 5646,http://www.tejashealth.com/
Hospital,Tosh Hospital - Orthopedic Center in Chennai,"72, Ormes Road, Kilpauk, Chennai",ChIJ2cPS8tdlUjoR4FYKQ_ggqtw,13.0826814,80.2426018,4.1,114,098944 67903,+91 98944 67903,http://www.toshhospitals.com
Hospital,Sri Ramakrishna Math Chennai,"31, Ramakrishna Mutt Road, Mylapore, Chennai",ChIJMRtdJtJnUjoRvJV4tX895HE,13.0310677,80.2675077,4.8,579,044 2462 1110,+91 44 2462 1110,https://chennaimath.org/
Hospital,Janamma Hospital,"No-56, Venkatakrishna Road, Mandaveli, Chennai",ChIJO48CsclnUjoRxBH7BuOhw80,13.0269094,80.26216629999999,2.6,10,044 2493 8034,+91 44 2493 8034,
Hospital,Flex Next Technologies,"41, Vidwan Sundaram Street, Ponnangipuram, Tirumurthy Nagar, Nungambakkam, Chennai",ChIJBV8jBWhmUjoR1P2wTJz_MTk,13.058924,80.2438969,4,1,044 4213 8862,+91 44 4213 8862,
Hospital,Chinnammal Ent Hospital,"387, Drr Complex, Trunk Road, Karayanchawadi, Thiruverkadu, Thiruverkadu, Chennai",ChIJT55JO2pmUjoRMOmGJ6Iw7jY,13.0603855,80.249513,2.1,20,044 2502 6721,+91 44 2502 6721,https://www.kkrenthospital.org/consultants.html
Hospital,Khivraj Chordia Memorial Dialysis Centre,"48, Arundale Street, Madhavaperumalpuram, Mylapore, Chennai",ChIJOTGjydRnUjoRYsUQmsCuPkQ,13.0361937,80.27268470000001,4.8,8,044 2498 6218,+91 44 2498 6218,https://www.apollodialysis.com/
Hospital,आर्या वैद्य फार्मेसी,India,ChIJ8_0VOE5mUjoRy1C8MmJKUS4,13.0415348,80.2445309,3,1,,,
Hospital,Apollo Hospital,"67a, Kaliamman Koil Street, Virugambakkam, Chennai",ChIJ4WfDFsxmUjoRKr86K5NgpaY,13.0627159,80.251977,3.7,73,,,https://www.apollohospitals.com/
Hospital,Mooligaimani,"Ground floor, 9 bbc manor, 23, Duraiswamy Road, T. Nagar, Chennai",ChIJZ5UoLf9mUjoRIELdAUXNJFA,13.040732,80.2298351,4.8,6,090947 77999,+91 90947 77999,
Hospital,Speed Medical Institute,"527, Poonamallee High Road, Arumbakkam, Chennai",ChIJrbOYAqFmUjoRYM1hus2vxj8,13.0768886,80.20656950000001,3.9,48,098400 77508,+91 98400 77508,http://www.speedmedicalcentre.com/
Hospital,"Government Peripheral Hospital, Periyar Nagar","Karthikeyan Road, Periyar Nagar West, Perambur, Chennai",ChIJE5DWM1BkUjoReopwxHjbHJI,13.1152952,80.2230053,3.9,239,,,
Hospital,Tamilnadu Urological Research Centre PVT LTD,"4th Floor, Kidney Stone Clinic, BRS Hospital, near Anna Flyover, 28, Cathedral Garden Road, Nungambakkam, Chennai",ChIJO_iYxohmUjoRzIwMK8YHgjg,13.0519656,80.2454434,4.8,886,093453 97740,+91 93453 97740,http://www.tnurc.com/
Hospital,Firm Hospitals - Chennai,"No.65, R-Block, 12th Street, Anna Nagar, Chennai",ChIJh0dwmyFkUjoRxeRnuXES3e8,13.091557,80.213966,4.1,240,044 2626 2666,+91 44 2626 2666,https://www.firmhospitals.com/
Hospital,Anchibai Hemraj Katariya Dialysis Centre,"41/33, Watkins Street, Perambur, Chennai",ChIJE0vKLrJlUjoR2hoEyXR7bVw,13.1126772,80.2373439,3.3,8,,,
Hospital,SKS Hospital,"959, 53rd Street, TVS Colony, Anna Nagar West Extension, Chennai",ChIJ-aPX-QdkUjoR7ifMkMRlMmk,13.0896865,80.18771749999999,2.9,97,,,
Hospital,M V Diabetes Clinic,"opp. Adyar, Sreela Terrace.105, 3rd Floor, 1st Main Road, opp. Adyar, Flyover, Gandhi Nagar, Adyar, Chennai",ChIJ9QGai5NnUjoRxW0IRc8WAwA,13.0085814,80.2584856,4.7,97,044 2442 5213,+91 44 2442 5213,http://www.mvdiabetes.com/
Hospital,Beeaar Hospitality Services,"363W+XPC, 4th Street, Tirumurthy Nagar, Nungambakkam, Chennai",ChIJ8XgCsENmUjoRAZtz_asCFcg,13.0549288,80.2467692,5,1,,,
Hospital,Sakthi's Health and Research Foundation,"26, Main Road, Kumaran Colony, Vadapalani, Chennai",ChIJLx7oIzfzqjsRyp8J1nefWAE,13.053721,80.207781,5,1,090929 15154,+91 90929 15154,http://www.santhoshselvam.in/
Hospital,Lakshmi Hospital,"No. 85, Brick Kiln Road, Otteri, Purasaiwakkam, Chennai",ChIJzYUj59xlUjoR0uBTLUNLrcE,13.091235,80.251232,,,,,
Hospital,Sri Sugam Physiotherapy Institute Private Limited,"No: 11/21, Vijayalakshmi Street, Mahalingapuram, Nungambakkam, Chennai",ChIJK3KnSV5mUjoRZTAUO-U2ezA,13.0578238,80.2328259,4.8,348,044 4306 6659,+91 44 4306 6659,http://www.srisugam.com/
Hospital,Police Hospital,"37F5+QQ5, Police Commisioners Road, Egmore, Chennai",ChIJvwSlIwxmUjoRD1NFaseYySU,13.0743959,80.259481,4.2,29,,,
Fire Station,Kilpauk Fire Station,"36HV+6F2, EVR Road, Chetpet, Chennai",ChIJF_xOeXdmUjoRcWJLcdBQj0Q,13.0780247,80.2436456,4.2,13,,,
Fire Station,Voc Fire Station,"S.M.Nagar, East Ave, Main road, Block H3 & H4, Mahakavi Bharathiyar Nagar East, Vyasarpadi, Chennai",ChIJV1ChqpxlUjoR39_UzZIhJ2Q,13.1228833,80.2657498,4.2,16,,,
Fire Station,Teynampet Fire Station,"26XX+2J4, Anna Salai, Chokkalingam Nagar, Teynampet, Chennai",ChIJESHNBkZmUjoR5ia2_tQ0n0Y,13.047512,80.2490746,4.5,23,094450 86048,+91 94450 86048,
Fire Station,Vyasarpadi Fire Station,"4774+F53, Melpatti Ponnappa Street, Sriram Nagar, Vyasarpadi, Chennai",ChIJ4Tj_xZdlUjoR3xVGb7gi3XE,13.1136322,80.2554143,4.3,24,,,
Fire Station,JJ Nagar Fire Rescue Service,"35PP+5WV, J.J. Nagar, Mogappair, Seethakathi Salai, J J Nagar, Mogappair East, Chennai",ChIJN9QYWAdkUjoRKTykO_0Cu9g,13.0854873,80.187297,4.3,6,,,
Fire Station,Villivakkam Fire Station,"93/9, 4th Main Road, Sidco Nagar, Villivakkam, Chennai",ChIJQfaXrW1kUjoR39G1JEvL0Yk,13.1061214,80.20117599999999,4.8,16,044 2617 4718,+91 44 2617 4718,
Fire Station,Fire Stream World Wide inc..,"No 39, Ganesh Enclave, Gopalapuram 1st Street, Kanakasri Nagar, Gopalapuram, Chennai",ChIJNQ7xnTdmUjoRq72y8hsneNk,13.0464175,80.2572513,5,1,,,
Fire Station,Triplicane Fire and Rescue Sevices Station,"378F+X6H, Wallahjah Road, Anna Salai, Triplicane, Chennai",ChIJUdf8WhxmUjoR95ElPpWUDKQ,13.067446,80.2731076,4.6,5,,,
Fire Station,Tamilnadu Fire And Rescue Services,"3796+CG9, Marshalls Road, Egmore, Chennai",ChIJEc5UkBFmUjoR1h4F9_By5QA,13.0685429,80.2613502,4.8,22,,,https://www.tnfrs.tn.gov.in/
Fire Station,Fire Service Station,"474H+76X, Basin Bridge Road, Basin Bridge, Kathibada, Old Washermanpet, Chennai",ChIJS3_WDGBvUjoRtnO7xtAwY0E,13.1057442,80.27810410000001,4.4,5,073050 96045,+91 73050 96045,https://www.tnfrs.tn.gov.in/about-us/station-list/
Fire Station,Fire & Rescue Station-Chennai Port.,"Spring Heaven 600001, Kamarajar Salai Road, Chennai Port Trust, Chennai",ChIJpeBvY0ZvUjoR_LfZHAqrpW4,13.0969773,80.2942782,4.7,3,,,
Fire Station,Tondairpet Fire Station,"650, Thiruvottiyur High Road, Old Washermanpet, Chennai",ChIJseapBHpvUjoR5OyUFVqNmQ8,13.1223727,80.2873906,5,7,,,
Fire Station,koyambedu Fire and Rescue service station,"Koyambedu Market A Road, Wholesale Market Complex, Koyambedu, Chennai",ChIJa-G-R65mUjoRSg4goWH-9V4,13.0695008,80.19514339999999,4.5,11,094450 86067,+91 94450 86067,
Fire Station,Velachery Fire Station,"Tiruvalluvar Street, Annai Indira Nagar, Annai Indira Nagar, Velachery, Chennai",ChIJFxSCvpxdUjoRNw25dVJ9zmU,12.9768023,80.22760459999999,4.4,18,,,
Fire Station,Frozen Fire Safety Equipments Private Limited,"No1/1, Spedford Hospital Road, Chozhapuram, Ambattur, Ambattur, Chennai",ChIJ8dcF061jUjoRV3B7fK51txI,13.1143491,80.1479526,,,087544 45044,+91 87544 45044,
Fire Station,thiruvadamaruthur fire station,"aditya hotel, Chennai",ChIJhYdjQv1lUjoR4DOemGvcan4,13.0828943,80.2669475,2.7,6,,,
Fire Station,Asian Fire Equipments And Systems,"No. 109, Vepery High Road, Periamet, Vepery, Chennai",ChIJfUA1o-NlUjoROl3LxO3F4lU,13.0854677,80.26588890000001,1,1,044 2641 1370,+91 44 2641 1370,
Fire Station,farmer,"37QH+4CC, govtschool nochiodaipatti",ChIJh0QHMRxvUjoRXvIoDvqgEXE,13.0878,80.2785,,,,,
Fire Station,Esplanade Fire and rescue service North Chennai,"37PP+64J, Parrys, George Town, Chennai",ChIJ9d1cnEtvUjoRKr-s7U1gmm0,13.0855812,80.2852779,5,4,044 2534 1101,+91 44 2534 1101,https://www.tnfrs.tn.gov.in/about-us/station-list/northern-region/
Fire Station,"Esplanade Fire and Rescue Station, Highcourt","High Court Buildings, High Court Road, Parrys, George Town, Chennai",ChIJBQ_AGRBvUjoRMw6aA1G7J_4,13.0867011,80.2857635,5,6,,,
Fire Station,Secretariat Fire and rescue Service station,"37HP+GF9, Fire And rescue station St .George fort Secretariat",ChIJ-7SHAZBpUjoRbmg8GNZwwQ4,13.0787752,80.2862261,,,,,
Fire Station,Basin Bridge Fire And Rescue Services,"19/10, Wall Tax Road, Kondithope, George Town, Chennai",ChIJZUKAB_VlUjoRtfRlp8EeJ5E,13.1022391,80.2744757,5,1,,,
Fire Station,Washermanpet Firestation,"KONDITHOPE-POLICE QUARTERS, चेन्नई - थिरुत्तानी - रेनिगुनता हाईवे, Tansi, George Town, Chennai",ChIJ8dNXAQdlUjoRVJVM-1IQuDM,13.1024241,80.274565,,,,,
Fire Station,VOC Road Fire Station,"111/8, Wall Tax Road, Kondithope, George Town, Chennai",ChIJASiBA_VlUjoRLrJkHNrEjsI,13.1027178,80.2743133,,,,,
Fire Station,Fire and rescue service merina,"119/1, Dr. Besant Road, Icehouse, Royapettah, Salegramam, Triplicane, Chennai",ChIJZXJevDJnUjoRH4WKb0PYD6U,13.0525269,80.2745834,4.3,3,,,
Fire Station,Marina rescue station,"373G+246, Triplicane High Road, Ice House, Triplicane, Chennai",ChIJdXLl9OxnUjoRqfG-QbXDeDI,13.0525403,80.27525059999999,5,1,044 2844 2101,+91 44 2844 2101,
Fire Station,VIGNESH VICKY,"4788+WM2, Sathiamurthy Nagar, Vyasarpadi, Chennai",ChIJM7OvHABlUjoRrMDZwlPbJuc,13.1172509,80.26662979999999,,,,,
Fire Station,Royapuram fire and rescue station,"477W+8GX, Panaimarathotti, Pudumanaikuppam, Royapuram, Chennai",ChIJ-Q6_kt5vUjoRGOKW93Qxrpk,13.1133601,80.2963471,5,4,,,https://www.tnfrs.tn.gov.in/about-us/station-list/
Fire Station,Mylapore Fire Station,"27VH+742, Kailasapuram, Mylapore, Chennai",ChIJq63tGYJoUjoR0XhTq0T2fvc,13.043142,80.2777689,3.8,6,094450 86047,+91 94450 86047,https://www.tnfrs.tn.gov.in/
Fire Station,Korukkupet Fire Station,"Ennore High Road, Korukkupet Washermanpet, 15, Kamaraj Street, Moopanar Nagar, Meenambal Nagar, Korukkupet, Old Washermanpet, Chennai",ChIJqQrxhodlUjoRBwap_ztAc8s,13.1262108,80.2723274,4.6,11,044 2554 4662,+91 44 2554 4662,
Fire Station,Guru illam,"45/21, 1st Street, M.G.R.NAGAR, B Block, Annai Sathya Nagar, Selaivayal, Chennai",ChIJISP3GgBlUjoRzIY53fOuZNE,13.1264716,80.2720725,5,1,,,http://www.gurufinance.co.in/
Fire Station,Sembium Fire Station,"46CQ+CC3, Madurai Swamy Madam Street, Sembiyam, Perambur",ChIJDQxVTKllUjoRAGsluHMwiWU,13.1210051,80.23853609999999,4.4,14,,,
Fire Station,Simpson fire service,"Unnamed Road, 600110, Huzur Garden, Sembiyam, Perambur, Chennai",ChIJi1OApeVlUjoRYBZl8HQwZDA,13.1250953,80.2379701,,,,,
Fire Station,T.NAGAR FIRE AND RESCUE STATION,"No:73, New No:108, near panagal park, Old, Sir Thyagaraya Road, Pondy Bazaar, T. Nagar, Chennai",ChIJa1SvQgBnUjoRpC8IFhHIMTE,13.0412631,80.235063,5,1,,,https://www.tnfrs.tn.gov.in/
Fire Station,ICF FIRE STATION,"36X6+85W, Lakshmipuram, Anna Nagar, Chennai",ChIJacXtFNZlUjoRmN5pymV4grg,13.0983546,80.2104674,5,1,,,
Fire Station,kolathur fire station,"Venkataraman Road, Periyar Nagar West, Moorathi Nagar, Perambur, Chennai",ChIJSxzEYwBlUjoRjtC952cyFUY,13.1171493,80.21922099999999,5,8,,,
Fire Station,"Fire & Rescue service station, Saidapet","26HQ+Q24, Y.M.C.A College of Physical Education, Nandanam, Chennai",ChIJpZLO-YNnUjoRyNiHde85cFw,13.0293751,80.2375739,4.4,5,,,
Fire Station,VALIANT FIRE SAFETY,"43, 15, Aryagowda Road, West Mambalam, Chennai",ChIJISqAtfxmUjoRmAkqsTrCr5k,13.0408087,80.22162500000002,4.9,50,093446 43289,+91 93446 43289,http://www.valiantfire.com/
Fire Station,Saferzone fire safety equipments,"No.1, Sector 1, Ashok Nagar, Chennai",ChIJH_odyepnUjoRHM64GV0RJq4,13.045857,80.214468,5,8,,,
Fire Station,Ashok Nagar Fire and Rescue Station,"26P6+2HR, Ashok Pillar Main Road, K. K. Nagar, Chennai",ChIJK2xuTQBnUjoR6QFPILxbLAA,13.0351043,80.2113866,,,,,https://www.tnfrs.tn.gov.in/
Fire Station,Fire Station Madhavaram,"Madhavaram fire station (Old, Madhavaram Milk Colony M2 Police Station, building, MMC Aavin Quarters, Madhavaram Milk Colony, Chennai",ChIJFeYL9v9lUjoRhiVgB8IscqY,13.1550236,80.2412105,4.2,5,,,
Fire Station,Manali Fire Station,"5767+XCV, Kamaraj Salai, Vimlapuram, Chinnasekkadu, Manali",ChIJR3sy7U9lUjoRf_b3q6_aEA4,13.1624801,80.26355649999999,4.5,12,,,
Fire Station,HI-EXCELLANCY FIRE PREVENTION AND RESCUE OPERATION TRAINING,"No.4 &6, 2nd Floor, Times Cornor Building,, 84 George Reddy Road, Egmore, Chennai., Chennai",ChIJv___g8lmUjoRhYbW9ee9JQ4,13.0539333,80.1934891,,,094421 16101,+91 94421 16101,
Fire Station,Tiruvottiyur Fire Service,"5843+GR6, Ennore Express Road, Sathiyamoorthy Nagar, Tiruvottiyur, Chennai",ChIJH1nHS8FvUjoRO7p9LE3qW9M,13.1562884,80.3045203,4.7,7,,,
Fire Station,Mogappair Fire Station,"35PP+5WV, 1st Main Road, Mugappair East, J J Nagar, Anna Nagar, Chennai",ChIJ6QB0qPhjUjoRKIK0b7nyHNc,13.0854873,80.187297,4.9,10,044 2656 3629,+91 44 2656 3629,
Fire Station,Guindy Fire Station,"2677+24Q, Alandur Road, SIDCO Industrial Estate, Guindy, Chennai",ChIJl_bAHBVnUjoR-v0XwBz0zaM,13.0125852,80.2128616,4.3,13,,,
Fire Station,Tamil Nadu Fire Station & Rescue Operation,"X7P5+9W5, East Coast Road, Lalitha Nagar, Thiruvanmiyur, Chennai",ChIJbzK7s15dUjoREQT8QYiJGAY,12.985883,80.2598575,5,5,044 2449 9123,+91 44 2449 9123,
Fire Station,Thiruvanmiyur Fire Station,"near Marundeeswarar Temple, Shop No. 2, East Coast Road, near Marundeeswarar Temple, Lalitha Nagar, Thiruvanmiyur, Chennai",ChIJTTFkrF5dUjoRDA8NDTNb7ig,12.9853432,80.25980469999999,4.2,5,044 2440 1213,+91 44 2440 1213,
Fire Station,Ambattur Estate Fire Station,"35W7+5P4, 1st Cross Road, Sai Nagar, Anna Nagar, Chennai",ChIJxaum9sFjUjoR6mJXBknxAbY,13.0953765,80.16433339999999,4.4,18,044 2625 1601,+91 44 2625 1601,
Fire Station,Virugambakkam Fire Station,"25MF+XCF, Kambar Street, Senthil Nagar, Ramapuram, Chennai",ChIJjyK_pydhUjoReF8JYqEnlmQ,13.034927,80.1735578,5,11,044 2476 9101,+91 44 2476 9101,
Fire Station,IBC BOYS GAMING,"48A, 3RD, Indian Bank Colony, Chennai",ChIJ3-WuohJjUjoRqagObqmTu_8,13.1157386,80.16254459999999,,,,,
Fire Station,DLF Fire Station,"25FF+463, Unnamed Road, Manapakkam, Chennai",ChIJSzBrIttgUjoRbWpM-Rn2UIE,13.0227612,80.173054,4.4,7,,,
Fire Station,GOPIKA FIRE SAFETY ENGINEORS,"1/160 Kamala Nagar Main St, Kamala Nagar, ESHWARAN KOVIL ST , MUGALIVAKKAM, Porur, Chennai",ChIJlfc8QZ9hUjoR_DXoVNFenHI,13.0199686,80.1651826,,,,,https://gopikafiresafetyengineers.lyzoo.co.in/
Fire Station,Ennore Fire Station,"Thermal Power Station Compound, Kathivakkam High School Road, Ennore",ChIJC_AK3DdwUjoR1_b8T3FzW5s,13.1968432,80.3115424,4.8,11,044 2575 0633,+91 44 2575 0633,
Pharmacy,SKS Veterinary Hospital,"Shop No.198A, Dev Apartments, opp. Luz Church Road, basement, Saint Marys Road, Abiramapuram, Chennai",ChIJ1VSnE8lnUjoR8J8EV2rG49M,13.0291303,80.258568,4.4,1533,044 4210 8159,+91 44 4210 8159,http://www.skspethospital.com/
Pharmacy,ESI Dispensary - Triplicane,"ESIC Building, 1, Sunkuwar Street, Triplicane, Chennai",ChIJ-ewyP5xoUjoRuWxSFg8WaC0,13.0426287,80.2732144,3.1,34,044 2844 7066,+91 44 2844 7066,http://www.esichennai.org
Pharmacy,MedPlus Ayyanavaram-Muthumman Koil,"Old No 9/1, New No 27, Muthuamman Koil Street, Ayyanavaram, Chennai",ChIJ6yCHd8tlUjoRxL5FJvcakaQ,13.0952639,80.22667249999999,2.3,18,099621 01959,+91 99621 01959,https://www.medplusmart.com/
Pharmacy,மெட்பிளஸ்,India,ChIJK6or69RlUjoR5w7ZDofdFVw,13.0849553,80.2337651,2.8,5,,,
Pharmacy,Kottakkal Arya Vaidya Sala Authorised Dealer,"opposite Federal Bank, 66, Royapettah High Road, Mylapore, Chennai",ChIJZ79e1S1mUjoR4w2eVKJNtD0,13.042167,80.26830199999999,4.8,81,087544 22566,+91 87544 22566,
Pharmacy,DINAKARAN MEDICALS,"44, 1, Madhavaram High Road, Perambur, Chennai",ChIJe005frplUjoRu4be0oSl9Ho,13.119997,80.24271759999999,4.7,6,098407 63203,+91 98407 63203,
Pharmacy,Win - Medicare,"Shop No. 7/9, Doctor Guruswamy Bridge, Chetpet, Chennai",ChIJB-HTVXpmUjoRSkwBz0RZXGc,13.0707597,80.2414604,4,1,044 2836 3289,+91 44 2836 3289,
Pharmacy,Kottakkal Arya Vaidya Sala Agency Anna Nagar,"C 47, Shop no7, AnnaNagar Plaza Basement, 2nd Avenue, Ranna Nagar West, Anna Nagar, Chennai",ChIJKTnjQiFkUjoR4NTgYCRKwuo,13.0850745,80.2142223,4.1,41,,,
Pharmacy,Raiyan Industrial,"27PF+G84, Powder Mill 1st Street, Mylapore, Chennai",ChIJi68ZnI5jUjoRVomCAESJ7T4,13.036266,80.2733429,,,098400 97729,+91 98400 97729,
Pharmacy,MedPlus Perambur Barracks Road Pharmacy & Lab,"No 145, New No 60, Old, Perambur Barracks Road, Choolai, Chennai",ChIJmXA18-ZlUjoRgCWkumj0Egc,13.0929953,80.2584425,3.6,19,073583 89497,+91 73583 89497,https://www.medplusmart.com/
Pharmacy,R.R Pharmacy,"105, 1st Main Road, Block I, Annanagar East, Chennai",ChIJd3_SPClkUjoRcmTXPdyuuAM,13.0848894,80.2244329,3.5,16,098414 02555,+91 98414 02555,
Pharmacy,Madhav Diabetes Centre,"AA2, 2nd Avenue, Anna Nagar, Chennai",ChIJwUfqiyZkUjoR47mF7hcigpA,13.0844537,80.21743359999999,4.8,470,095000 42798,+91 95000 42798,https://www.madhavdiabetescentre.com/
Pharmacy,Apollo Pharmacy Saligramam,"24, Arunachalam Road, Kumaran Colony, Vadapalani, Chennai",ChIJ7yaXysZmUjoRiRnLq1rrPBg,13.0526468,80.20414439999999,3.5,69,079 4929 1938,+91 79 4929 1938,https://www.apollopharmacy.in/?utm_source=gmb&utm_medium=organic&utm_campaign=sulekhapromanage-apollo-pharmacy
Pharmacy,Apollo Pharmacy Kotturpuram -Ii,"No 23, 9, Ponniamman Koil Street, Kotturpuram, Chennai",ChIJh0VTDQ9nUjoRL9jCg_lJulo,13.0168054,80.2432638,2.8,51,079 4929 1847,+91 79 4929 1847,https://www.apollopharmacy.in/?utm_source=gmb&utm_medium=organic&utm_campaign=sulekhapromanage-apollo-pharmacy
Pharmacy,Sugam Medicals,"No.7/1,Rajamannar Salai,, K.K.Nagar,, Chennai",ChIJAUHXn9pmUjoRHG_kpW-zr-4,13.043682,80.19868199999999,3,2,044 2366 3548,+91 44 2366 3548,http://www.sugammedicals.com
Pharmacy,Apollo Pharmacy Mmda Colony,"136, Vinayagapuram Main Road, MMDA Colony, Chennai",ChIJcRPEgpZmUjoR9fx1oAsyoXY,13.0629404,80.21319179999999,3.8,24,079 4929 1925,+91 79 4929 1925,https://www.apollopharmacy.in/?utm_source=gmb&utm_medium=organic&utm_campaign=sulekhapromanage-apollo-pharmacy
Pharmacy,Acho Pharma Lab,"137, Rasappa Chetty Street, Park Town, Park Town, Chennai",ChIJq88kZ_9lUjoR5wCU4ExzCjk,13.0864318,80.2762755,,,044 2535 2180,+91 44 2535 2180,
Pharmacy,Jaya Medicals,"51, Aryagowda Road, West Mambalam, Chennai",ChIJae1hsfxmUjoRAQIhopV2rBI,13.0395581,80.22136900000001,4.1,47,098400 45846,+91 98400 45846,
Pharmacy,Madras Pharma,"137-B, Mahabaiprm Road, Karappakicam, Karappakicam, Chennai",ChIJ_-xPNWJcUjoRu0-4ZmG8aac,13.0603855,80.249513,4.8,5,044 2492 5421,+91 44 2492 5421,http://www.madraspharma.com/
Pharmacy,Meeta's Homeopathy Clinic,"ground floor, 17, Perumal Koil Street, Amaravathi Nagar, Arumbakkam, Chennai",ChIJU0kIR59mUjoRQQwd6oYKcSQ,13.0762566,80.2098001,4.8,144,044 4285 9582,+91 44 4285 9582,https://www.drmeeta.com/
Pharmacy,"Muthu Pharmacy - Tana Street, Purasaiwakkam","77, Tana Street, Purasaiwakkam, Chennai",ChIJfUA1o-NlUjoRMlhJspXd_ts,13.0885253,80.2546733,4.6,56,089254 13854,+91 89254 13854,http://www.muthupharmacy.com/
Pharmacy,Ganesh Medical,"23/1, 1st Street, Tirumurthy Nagar, Nungambakkam, Chennai",ChIJNy0nMFxmUjoR9RGYOg84eYU,13.0556509,80.2474568,3.5,8,044 4231 7740,+91 44 4231 7740,
Pharmacy,Kandan Medicals,"Number 1, Foxen Street, Perambur, Chennai",ChIJDSdP4rNlUjoR138hCY0vp1s,13.111745,80.237825,3,4,099405 17971,+91 99405 17971,
Pharmacy,MedPlus Mylapore-Mandaveli St,"No 3, Old No 28/2/29/1, New No 68, 69/1, Mandaveli Street, Mylapore, Chennai",ChIJ9SeRldFnUjoRnnz1oWJ-b5I,13.0294032,80.2672955,2.6,8,089258 22097,+91 89258 22097,https://www.medplusmart.com/
Pharmacy,SK Health Shop,"2, Devanathan Street, Mandaveli, Chennai",ChIJGR0_2s5nUjoRF-YcqQL_0UA,13.0269875,80.2635159,,,044 4265 8325,+91 44 4265 8325,
Pharmacy,Medinova Healthcare,"near Ganesh Plaza, 129, Nyniappa Naicken Street, Park Town, Chennai",ChIJ33S35VBvUjoR5YkjyPKCtIQ,13.0882042,80.2792863,,,044 2533 1103,+91 44 2533 1103,
Pharmacy,Muthu Pharmacy - Royapettah,"228, Royapettah High Road, Royapettah, Chennai",ChIJKWzXSD1mUjoR5aL8mCXYbc0,13.0473998,80.26615439999999,4.5,22,089254 13848,+91 89254 13848,http://www.muthupharmacy.com/
Pharmacy,Vasan Medicals,"1, Kuppumuthu Mudali Street, Triplicane, Triplicane, Chennai",ChIJG7fYTCBmUjoRnvShQ_rYI3Q,13.057533,80.27400899999999,5,1,044 2854 6305,+91 44 2854 6305,
Pharmacy,Tamil Nadu Medicals,"8/36, New Boag Road, T Nagar, CIT Nagar, Saidapet, Chennai",ChIJSTsLTgFnUjoRUfwtWaVuZ1o,13.0305278,80.2279271,4.4,10,044 2436 0192,+91 44 2436 0192,
Pharmacy,Texas Medical Systems,"43, 19, Aziz Mulk 1st Street, Thousand Lights West, Thousand Lights, Chennai",ChIJ_0MKg0BmUjoRxo7mtBmjEFU,13.0552098,80.2539532,5,2,044 2829 2487,+91 44 2829 2487,
Pharmacy,Way4HealthCare,"54/29, Gangai Amman Koil Street, Athreya Puram, Choolaimedu, Chennai",ChIJZ9DJvItmUjoRPCOYDWirXRU,13.061345,80.228208,,,098847 94493,+91 98847 94493,
Pharmacy,Muthu Pharmacy - Casa Major Road - Egmore,"No. 46, Anand Apartments, CASA Major Road, Egmore, Chennai",ChIJExy-pgRlUjoRxAdMXBAuf38,13.071865,80.2528189,4.7,58,089254 13828,+91 89254 13828,http://www.muthupharmacy.in/
Pharmacy,Divya Pharma,"16, Second Main Road, Vengeeswarar Nagar, Vadapalani, Chennai",ChIJVyPULO9mUjoRIJgXqpYwVoI,13.0480285,80.2156394,5,1,044 2480 3717,+91 44 2480 3717,
Pharmacy,Cura Medical Equipments Pvt Ltd,"42, Montieth Road, Egmore, Egmore, Chennai",ChIJwVFw3XBmUjoR9jw-F6G-J1A,13.0741299,80.2455164,,,044 2859 2299,+91 44 2859 2299,
Pharmacy,Thulasi Pharmacies India Pvt Ltd,"Shop NO3, opp. to TNSC bank, NO:47/12, Konnur High Road, Ayanavaram, Chennai",ChIJec9Zrc5lUjoREEmXMU0JdTQ,13.0976102,80.2419426,4.9,1759,098439 77703,+91 98439 77703,http://www.thulasipharmacy.com/
Pharmacy,Dabba Chetty Shop,"9, North Mada Street, Mylapore, Chennai",ChIJ5wEI-9RnUjoRP8kdxAVVq5Q,13.0339903,80.2707813,4.5,489,098844 15616,+91 98844 15616,
Pharmacy,Tamilnadu Medicals & Generals,"270, 7, Avvai Shanmugham Salai, Royapettah, Chennai",ChIJpZSUpjpmUjoR3vnN-rmH01A,13.047988,80.26234,,,044 2813 1921,+91 44 2813 1921,
Pharmacy,DOCTORS PHARMACY,"opp. to LIFE LINE HOSPITAL, 80, New Avadi Road, Kilpauk, Chennai",ChIJgyQ7gtRlUjoRZ27IHq-5p68,13.0784823,80.233409,3.5,14,044 4285 8050,+91 44 4285 8050,
Pharmacy,Apollo Pharmacy Tiru Vi Ka Nagar SRP Koil Street,"near New Star Mobiles, 52, Kannabiran Kovil Street, Tiru Vi Ka Nagar, Perambur, Chennai",ChIJlcZPtKxlUjoRf37_nwTM8sU,13.1185344,80.23188449999999,2.5,20,080 4101 9745,+91 80 4101 9745,https://www.apollopharmacy.in/?utm_source=gmb&utm_medium=organic&utm_campaign=sulekhapromanage-apollo-pharmacy
Pharmacy,Vip walks,"nedum pathi, opposite Apollo pharmacy, No.11/2, Athreyapuram Main Road, Chennai",ChIJvf5KhI1mUjoRhI9Uc91CQFY,13.0608694,80.22140259999999,3.6,25,044 2361 1619,+91 44 2361 1619,https://www.apollopharmacy.in/
Pharmacy,Apollo pharmacy,"33, Mookathal Street, Perumalpet, Purasaiwakkam, Chennai",ChIJO80bMOdlUjoRnuX_Kbet93M,13.0872732,80.25688939999999,1.8,4,099404 91049,+91 99404 91049,http://www.apollopharmacy.in/
Pharmacy,MedPlus Triplicane High Rd,"No 133, Shop, Old No 77, New, No 3, Triplicane High Road, Triplicane, Chennai",ChIJ_6wdmR9mUjoRlksPmKar3Ts,13.0606173,80.2744362,2.8,29,044 4207 5369,+91 44 4207 5369,https://www.medplusmart.com/
Pharmacy,VINAY MEDICALS,"Shop No A1/2, New No Facing Kandasamy Salai,, 28, Venkatesan Salai, Periyar Nagar West, Kolathur, Chennai",ChIJMxcAsk9kUjoRIcHM4uoCLTk,13.1122918,80.2235809,4.2,6,097907 42357,+91 97907 42357,
Pharmacy,Apollo Pharmacy Nungambakkam 2,"No.3, 1, Krishnamma Road, Tirumurthy Nagar, Nungambakkam, Chennai",ChIJraRcy2lmUjoRSdC5Y0Y1dr0,13.0595579,80.2461854,3.4,40,079 4929 1573,+91 79 4929 1573,https://www.apollopharmacy.in/?utm_source=gmb&utm_medium=organic&utm_campaign=sulekhapromanage-apollo-pharmacy
Pharmacy,Sree Balaji Medicals,"101/4, Rangarajapuram Main Road, Kodambakkam, Kodambakkam, Chennai",ChIJCRJD7_FmUjoRR-OIXGl7I1g,13.0521051,80.21919989999999,,,044 2480 0244,+91 44 2480 0244,
Pharmacy,MedPlus Nungambakkam-North Mada Street Pharmacy & Lab,"No 11, New No 35, Old, 2, North Mada Street, Nungambakkam, Chennai",ChIJtYZBrGdmUjoRWj3SNE0WZz4,13.0604433,80.24101999999999,3.2,42,044 4213 9428,+91 44 4213 9428,https://www.medplusmart.com/storelocator
Pharmacy,Eswar Medicals,"behind Sangam cinema's, 50, Flowers Road, Kilpauk, Chennai",ChIJW0NT7HVmUjoRty1AlgaTj6c,13.0793951,80.2501648,4.7,26,098840 30959,+91 98840 30959,https://medical-store.in/eswarm75
Pharmacy,Muthu Pharmacy - Jawahar Nagar,"Old No:35, New No:28, 1st Main Road, Jawahar Nagar, Perambur, Chennai",ChIJ-SseCU1kUjoREw0pw9qptYA,13.1128583,80.2296164,4.7,31,089254 13882,+91 89254 13882,http://www.muthupharmacy.com/
Pharmacy,Muthu Pharmacy - Moolakadai,"No.46, Madhavaram High Road, Moolakadai, Kodungaiyur, Chennai",ChIJTfAMjgdlUjoRBsN5me5muvg,13.1274371,80.2414636,4.2,46,089254 13839,+91 89254 13839,http://www.muthupharmacy.com/
Pharmacy,Sundaram Medicals,"93/1, Natesan Street, T Nagar, T. Nagar, Chennai",ChIJg9F7Sv5mUjoRZ_hN3QVGvGI,13.035331,80.22986100000001,,,044 2434 6045,+91 44 2434 6045,
Pharmacy,Supermed Pharmacy Ltd,"Jamal Sonu Terrace, Ground Floor, 42-Loganathan Nagar 1st Street, Jawaharlal Nehru Salai, Choolaimedu, Chennai",ChIJPzryNG1nUjoRST2miuKCdg4,13.0599835,80.21171059999999,4,6,044 4287 4653,+91 44 4287 4653,
Pharmacy,Sri Krishna Pharmacy,"995-p, 12th Main Road, Anna Nagar Anna Nagar, 12th Main Road, Anna Nagar, Block 5, Anna Nagar, Chennai",ChIJ__D6BdUjoRg2NKDYBfkqw,13.082059,80.1850413,,,044 2616 1298,+91 44 2616 1298,
Pharmacy,New Chennai Pharmacy,"No. 33, Sarojini Street, T.Nagar, South Usman Road, T. Nagar, Chennai",ChIJ7xiFY1VmUjoR2IuH0fYWMlk,13.0371485,80.2319365,4.6,8,091500 97960,+91 91500 97960,
Pharmacy,GANESH MEDICAL'S,"No 9, Silver Park Apartments, Thanikachalam Road, T. Nagar, Chennai",ChIJ-aUJEVNmUjoR7dHv0Nbtwe8,13.0354883,80.23890779999999,4.2,6,044 2436 3388,+91 44 2436 3388,
Pharmacy,Vijaya Medicals,"No. 762/1, T.H. Road, Tiruvottiyur, Minakshi Ammanpet, Old Washermanpet, Chennai",ChIJCZ7QYGhvUjoRjWNXd3CR96Q,13.108061,80.2890767,5,2,044 2573 4779,+91 44 2573 4779,
Pharmacy,Life Pharmacy,"8, Fakir Sahib Street, Zambazzar, Ellis Puram, Padupakkam, Triplicane, Chennai",ChIJcSrbiR9mUjoRbz5Wt4wBAcg,13.0599713,80.27147,5,3,044 2854 7484,+91 44 2854 7484,
Pharmacy,MedPlus Anna Nagar-Ayappan Koil St,"No Y/224 6th Main Road, 2nd Avenue, Anna Nagar, Chennai",ChIJ8TXofiFkUjoR8IYdjIA8ATg,13.0853413,80.2128225,3.6,23,044 4217 0593,+91 44 4217 0593,https://www.medplusmart.com/
Pharmacy,Tamil Nadu Medicals,"No. 109, Vepery High Road, Periamet, Vepery, Chennai",ChIJfUA1o-NlUjoRFWKuFEoQ6zs,13.085449,80.2658795,4.4,36,,,
Pharmacy,Medi Sales,"126, Nyniappa Street, Park Town, Chennai",ChIJfS-7N1dvUjoR3JdE8N2bndw,13.0856907,80.2791596,,,044 2645 3811,+91 44 2645 3811,
Pharmacy,Foresight Power Systems Ltd,"7 2nd Floor, Rosy Tower, Nungambakkam High Road, Nungambakkam High Road, Chennai",ChIJG1_K_GhmUjoRp36-GBcHgF0,13.0561421,80.2514321,4,1,044 2823 3757,+91 44 2823 3757,https://foresightho.in/
Store,Purasai,"37R3+3Q4, Tana Street, Otteri, Purasaiwakkam, Chennai",ChIJhSXjf91lUjoRSzGIgkUNq3o,13.0901346,80.2544589,3.9,25,,,
Store,Delta Peripherals (AKA deltapage),"Shop No. G-12, Nakoda Plaza, near Badam Tree, 17, Narasingapuram Street, Mount Road, Chintadripet, Chennai",ChIJdfu6YRtmUjoRcpW7TdxaQZs,13.0691324,80.2710168,4.6,657,098844 11731,+91 98844 11731,http://www.deltapage.com/
Store,Indian Army Stores,"No5/3v.v.koil Street, Raja Muthiah Road, Periamet, Park Town, Chennai",ChIJw3-L4_1lUjoRFeTjrWwVAps,13.0825257,80.2705067,4.1,55,098405 09070,+91 98405 09070,
Store,Sulekha Store,"Maddox Street, Periamet, Periyamedu, Chennai",ChIJ1--uq_xlUjoRuh0g42l3emM,13.0881966,80.26595879999999,3,7,089395 80118,+91 89395 80118,
Store,Rcm Business,"138, Mint Street, Near Hotel Mahasakthi, Sowcarpet, Mint Street, Chennai",ChIJrc8XqVdvUjoRcrUm8BrZTRU,13.0907994,80.27917959999999,3.5,6,044 2538 4651,+91 44 2538 4651,
Store,Rajan & Co,"41-A, E Coovam River Road, E Coovam River Road, Chennai",ChIJT55JO2pmUjoRHObDqakX8s4,13.0768456,80.2665055,5,1,044 2485 1108,+91 44 2485 1108,
Store,GA INSTRUMENTS PVT. LTD.,"Ground Floor, 63, Pantheon Road, Egmore, Chennai",ChIJ7xJ3BFdvUjoRbXaokRfIGsc,13.0710664,80.26010169999999,4.3,64,044 2855 9999,+91 44 2855 9999,http://gainstruments.com/
Store,CakeWalk,"10, Red Cross Road, Egmore, Chennai",ChIJwVFw3XBmUjoR-V3Yzerahqw,13.0681801,80.2584029,4.2,347,044 4350 8396,+91 44 4350 8396,http://www.cakewalk.co.in/
Store,Hot Chips Veg Restaurant,"225, NSC Bose Road, Parry's Corner, George Town, Chennai",ChIJcZxBO2pmUjoRbaWSxl-lkv0,13.0887379,80.2868447,3.7,2680,097907 54000,+91 97907 54000,https://www.hotchipsrestaurants.com/
Store,Doveton Cafe,"5, Purasaivakkam High Road, Purasaiwakkam, Chennai",ChIJA46FPt5lUjoRA84W0gvPAo4,13.086661,80.2581411,4.3,16042,090940 48691,+91 90940 48691,https://dovetoncafe.in/
Store,LINGAM HOT CHIPS,"32, Gangadeeshwar Koil Street, Purasaiwakkam, Chennai",ChIJt1B5ahBlUjoRRajP4jLeZdY,13.0847514,80.2547379,3.7,39,,,
Store,"Goodluck Plastic Trading Company kids jeep, bike and car","18, Kasi Chetty Street, Parrys, Chennai",ChIJwfYd71ZvUjoREBheliQ6jWw,13.0901999,80.2805331,4.7,1023,094440 37330,+91 94440 37330,https://www.instagram.com/toysgoodluck1/?hl=en
Store,HAFSANA STORES,"Shop No 54/1Narayana Mudali Street, near Manisha Jewellers, lane, Narayana Mudali Street, Sowcarpet, George Town, Chennai",ChIJ7xJ3BFdvUjoRAGw60pvmO9U,13.0894933,80.27980699999999,4,1,092832 58770,+91 92832 58770,
Store,Leela Stores,"97/37, Dr Alagappa Road, Flowers Road, Chennai",ChIJq9axIqJmUjoRnjaHkxtfgno,13.0812779,80.25116349999999,4.6,13,044 2642 6928,+91 44 2642 6928,
Store,Kitabi Hardware Stores,"Old No 51, New, 15, Devaraja Mudali Street, George Town, Chennai",ChIJvdk8O1RvUjoRc08tdCDgE5M,13.0860591,80.28007720000001,4.7,24,044 2535 3416,+91 44 2535 3416,http://www.kitabihardware.in/
Store,Mary Ice Cream Co,"New no.66, 1, Egmore High Road, Egmore, Chennai",ChIJNWUelgxmUjoRwcgd0pDtC_M,13.0749245,80.2545263,4.4,26,044 2819 4893,+91 44 2819 4893,https://www.maryicecreams.com/
Store,HITECH COMPUTERS (used computers and used laptops ),"ground floor, CITY CENTRE PLAZA NO 3, Mount Road, Chennai",ChIJ4UJmhxxmUjoR-D4QVBF2xZg,13.068093,80.2717263,4.2,48,094440 49242,+91 94440 49242,http://www.hitechcomputers.in/
Store,Toy House,"43, Rattan Bazaar, George Town, Chennai",ChIJAQAAMFRvUjoRVc89gZ_Zlag,13.087274,80.27980099999999,3.7,26,044 2535 2058,+91 44 2535 2058,https://toyhouse.co.in/
Store,asian paints dealer -sri balaji paints,"2, Muthiyal Naicken Street, Purasaiwakkam, Chennai",ChIJBaZKFt5lUjoRbt8fnLDbGoY,13.0870923,80.25475209999999,4.2,45,094453 38476,+91 94453 38476,http://www.asianpaints.com/
Store,Rakhiwala,"Naidu Plaza, opp. to Elephant Gate Street, 75, Wall Tax Road, Park Town, Chennai",ChIJtViaZvhlUjoRg_UZBNbiaoQ,13.0917875,80.2753558,4.3,688,044 2539 1775,+91 44 2539 1775,https://rakhiwalahometheater.com/
Store,Viveka Essence Mart,"Plot No: 128, 285, Wall Tax Road, Park Town, Chennai",ChIJC5psoBddUjoRVtVXj7ikV2k,13.085948,80.27590599999999,4.3,1498,089397 12712,+91 89397 12712,https://www.vivekaessencemart.com/
Store,ISM Business Associates Pvt Ltd,"333/194, Raja Muthiah Road, Thattankulam, Choolai, Chennai",ChIJJaqAgFZvUjoRLQdDOUFIt58,13.091632,80.269461,4.6,11,098401 86167,+91 98401 86167,
Store,Ashwood Leather - Ababeel International,"1st floor, AM Manzil, No 56, Perianna Maistry Street, Periamet, Chennai",ChIJqeJFyyRmUjoRpdDrW8VQOe0,13.0834331,80.2685554,4.9,79,098841 92338,+91 98841 92338,http://www.ashwood.co.in/
Store,Ababeel Creations,"New No.41, Old, 17/1, Thiruvengadam Street, Periamet, Chennai",ChIJb-OliQdmUjoRgylYePBaMa0,13.0818712,80.2674964,5,3,086950 46669,+91 86950 46669,
Store,Metal Craft,"4, Raghunayakulu Street, Rattan Bazaar, Park Town, Chennai",ChIJj4Y91lVvUjoRiY5eMgGaFis,13.088105,80.279083,2,1,080 4896 9269,+91 80 4896 9269,https://www.metalcraftindia.net/
Store,OASIS INDIA IT STORE PVT LTD,"No 832 , Oasis Tower, Anna Salai, Triplicane, Chennai",ChIJC3BuYhtmUjoRgH6gSN1U2xM,13.068284,80.271391,4.5,3124,098400 57413,+91 98400 57413,https://oasisitstore.in/
Store,Diamond Flush Doors Private Limited,"2nd Floor, 262, Raja Muthiah Road, Choolai, Choolai, Chennai",ChIJAdDmRfplUjoRwuEz7sDcWIs,13.0914324,80.2693925,,,044 2669 0155,+91 44 2669 0155,
Store,Mundra & Co,"321, Mint Street, Edapalaiyam, Park Town, Chennai",ChIJYzomiqpoUjoRhuGKJ0VlNOU,13.0884936,80.2787104,4.6,12,044 2535 7591,+91 44 2535 7591,
Store,Gupta Enterprises,"inside Nehru Timber Market, No. 279, Raja Muthiah Road, Choolai, Chennai",ChIJ_SyWwPtlUjoRBMBtI1DRYt4,13.0921669,80.26868759999999,4.4,10,044 2669 1717,+91 44 2669 1717,http://www.guptagroup.com/
Store,KRS Textiles,"82, Nyniappa Street, Park Town, Chennai",ChIJR5JEPVVvUjoR_O3CDRMtdmM,13.0847994,80.2789537,4.1,64,098841 97925,+91 98841 97925,https://www.krstextiles.in/
Store,Varun Stainless Steel Shop,"Old No:208, New No: 429, Mint Street Park Town, Mint Street, George Town, Chennai",ChIJa_g-SlVvUjoRnyxSpzLtwjI,13.086658,80.278572,3,9,044 2346 5600,+91 44 2346 5600,
Store,CLS Book Shop,"68, Evening Bazaar Road, NGO Annexe, George Town, Chennai",ChIJ59cLO1VvUjoR3h_qybkOPqs,13.0831395,80.2787451,4.4,342,044 2535 5411,+91 44 2535 5411,https://theclsindia.com/
Store,temple Umbrellas,"26, Iyya Mudali Street, Adikesavarpuram, Chintadripet, Chennai",ChIJgWAwJQRmUjoR8_wSmhb6YMk,13.0766285,80.27009129999999,4.3,27,096771 77197,+91 96771 77197,https://www.templeumbrella.com/
Store,T S Fidaally & Co,"201 (Old 195, Rasappa Chetty Street, Rattan Bazaar, Park Town, Chennai",ChIJq88kZ_9lUjoRTRaHymQ3wvY,13.0859567,80.280372,4,93,098846 77852,+91 98846 77852,
Store,Lawrence and Co,"Shop 1, Old No 81 , New, 23, Nyniappa Naicken Street, Park Town, Chennai",ChIJaxU0tS9wUjoRUsCE6hYCCCw,13.0845909,80.2789423,4.9,32,044 4261 5050,+91 44 4261 5050,http://www.laerenceemporium.com/
Store,Mehta Gems Co.,"14, Hanumantha Rayan Koil Street, Badri Garden, Park Town, Chennai",ChIJVVVVhf1lUjoRQZsLiHxkrRU,13.089448,80.2777986,4.7,3,098842 57890,+91 98842 57890,
Store,Aadhya Engineers,"4th Floor, Fountain Plaza, 302, Pantheon Road, Egmore, Chennai",ChIJ-4qb8w5mUjoRPiijEkdVPwk,13.0736755,80.26160019999999,3.7,31,044 2819 3437,+91 44 2819 3437,http://www.aadhyaengineers.in/
Store,Float Glass Centre,"New No 23, 55, Devaraja Mudali Street, Chennai",ChIJKSE1T1RvUjoRsn3FXDKUVw8,13.0863655,80.2801722,4.5,20,098411 22453,+91 98411 22453,https://toughenedglass.in/
Store,Sunitha Printers Printing Press chennai,"24/2 kovoor vaidhyanathan street, Chintadripet, Chennai",ChIJsQpcYzxmUjoR4oi-tWO5Hrw,13.0777862,80.2672798,4.7,29,099403 08563,+91 99403 08563,
Store,Acho Pharma Lab,"137, Rasappa Chetty Street, Park Town, Park Town, Chennai",ChIJq88kZ_9lUjoR5wCU4ExzCjk,13.0864318,80.2762755,,,044 2535 2180,+91 44 2535 2180,
Store,Infinite Leathers Pvt Ltd,"50, Raja Muthiah Road, Periamet, Chennai",ChIJ2zdHFvxlUjoRkgKKzoRUlj4,13.0829132,80.2706341,4.7,14,044 2561 5906,+91 44 2561 5906,http://www.azyrrha.com/
Store,Reliance Home Appliance,"No. 7, Peddi Naicken Street, Park Town, Rattan Bazaar, George Town, Chennai",ChIJEepnCFVvUjoRbXHkz5pBNUM,13.087493,80.280216,3.3,6,044 2533 1332,+91 44 2533 1332,
Store,SHIFA UNANI HERBAL CLINIC,"Al-Mamoor Apartment, 23/11, Vepery High Road, Periamet, Chennai",ChIJP51M0vxlUjoRHM4e1lSwSM0,13.0849376,80.2690473,4.8,16,044 2561 2121,+91 44 2561 2121,http://www.hewhocures.com/
Store,Deepak Electricals - Chordia Group Of Companies,"1/18, Mangappan Street, Elephant Gate, George Town, Chennai",ChIJq6qq-lZvUjoRCVv10zk_a1k,13.0912822,80.2761441,4.6,7,086678 86981,+91 86678 86981,http://www.dcelectric.in/
Store,Jhawar Fabrics - Blouse Matching Fabrics - Wholesale Shop Only,"3rd Floor, 79, Godown Street, George Town, Chennai",ChIJCYYP01BvUjoRwo14qV4im6o,13.0914307,80.2823442,4.7,6,098410 43210,+91 98410 43210,
Store,Adarsh Electronics,"56, Jermiah Road, Periamet, Vepery, Chennai",ChIJSaP_veNlUjoRw1NrnNPBxeg,13.087042,80.25932300000001,4.3,27,044 2648 0239,+91 44 2648 0239,
Store,HEMA DENTAL ENTERPRISES,"near PARK TOWN, NO.38,39 NEW BURMA BAZAAR EVR PERIYAR ROAD, near PARK TOWN, 3, Chennai",ChIJVVVVhf1lUjoRzn4ss7joICE,13.0823017,80.27915349999999,3.7,19,063744 78992,+91 63744 78992,
Store,Saba Electronics,"23, Anna Salai, Chintadripet, Chennai",ChIJn8KDXxtmUjoR2MMFsgAm2fM,13.0697229,80.2712732,4.3,38,044 2852 0281,+91 44 2852 0281,http://www.sabaelectronics.in/
Store,JJ Lall & Company - Mesh & Fence Supplier,"196, Rasappa Chetty Street, Park Town, Chennai",ChIJq88kZ_9lUjoRAE5JZY_-fVA,13.0859074,80.28018089999999,4.7,27,095000 06671,+91 95000 06671,https://wirenetting.in/
Store,BHAGWANCHAND & Co,"SHOP NO:12, inside A COMPLEX, 59, Narayana Mudali Street, George Town, Chennai",ChIJ7xJ3BFdvUjoR1b9VrbmQpns,13.0899951,80.27970599999999,4.5,8,098403 17801,+91 98403 17801,http://www.sunmaxgifts.com/
Store,Sri Lakshmi Jewellery Mart,"2, 40, NSC Bose Rd, Sowcarpet, 40, NSC Bose Road, Sowcarpet, Rattan Bazaar, George Town, Chennai",ChIJD8X8r5BvUjoRKkXi_bAbizo,13.0892515,80.2793176,5,3,044 2535 0984,+91 44 2535 0984,
Store,Sree Ashapuri Trophy House,"281, Mint Street, Park Town, Chennai",ChIJYzomiqpoUjoR9VwXm07eRWk,13.0855345,80.2783386,4.1,195,093806 45391,+91 93806 45391,http://www.sreeashapuri.com/
Store,K.Arumugam And Company,"85, Sami Pillai Street, Periyamedu, Choolai, Chennai",ChIJp0mL_P9lUjoRpycIvkJpzqA,13.0888376,80.2679498,5,2,080 4547 9627,+91 80 4547 9627,http://www.karumugamandcompany.com/
Store,Ethiraj Timbers Pvt Ltd,"249, Raja Muthiah Road, Periamet, Chennai",ChIJD5a0uPtlUjoR1iaaBo7vEwQ,13.0896108,80.2697389,4.7,19,096000 47477,+91 96000 47477,https://stores.tatapravesh.com/choolai/tata_pravesh_ethiraj_timbers_steel_doors_windows_authorized_dealer_-_periyamedu_chennai/
Store,Tulsi,"No.8/34, Shop No.5, Adithya Complex, Mount Road, No.54/5, Meeran Sahib Street, Anna Salai, Triplicane, Chennai",ChIJCdC0RBtmUjoRjJ2pFIkPApA,13.0697823,80.2705513,4.8,8,099622 04001,+91 99622 04001,
Store,Krish Electronics,"G-4/2, Gee Gee Electronic Center, Narasingapuram Street, Mt Road, Anna Salai, Chintadripet, Chennai",ChIJC3BuYhtmUjoRAGxYFJLxnjA,13.0691833,80.27128789999999,4.2,49,098400 43941,+91 98400 43941,http://www.krishelectronics.com/
Store,Marudhar Enterprises,"11, Devaraja Mudali Street, Rattan Bazaar, Park Town, Chennai",ChIJvdk8O1RvUjoRt-Tx-qF9mFE,13.0867026,80.2802777,5,2,044 2533 1674,+91 44 2533 1674,https://www.marudharenterprises.com/
Store,Midas Electricals Private Limited,"196, Demellows Road, Opposite to, Thattankulam, Choolai, Chennai",ChIJpx7wcPplUjoRhYLTMM4idCY,13.0931831,80.26899329999999,4.2,30,044 4286 3133,+91 44 4286 3133,http://www.midaselectricals.com/
Store,Bata showroom,"130, Broadway",ChIJq6qqGlFvUjoRMOkDk7d19hE,13.0912776,80.27541169999999,4,108,098405 17505,+91 98405 17505,https://www.bata.com/in/?utm_source=gmb&utm_medium=organic&utm_campaign=sulekhapromanage-bata&utm_id=loyalty-gmb
Store,Torvin Audio Systems,"No. 4, Seeyaliamman Koil Street, Anna Salai, Chennai",ChIJAQAAQBdmUjoRnTbEfripgPI,13.070935,80.2711072,4.1,25,044 2841 4304,+91 44 2841 4304,http://www.torvin.com/